{
    "BCH": {
        "tickValue": 0.05,
        "valuePer": 1.00
    },
    "DOG": 0.00001,
    "LC": 0.01,
    "EC6E": 0.00005,
    "ECBTC": 5,
    "ECCL": 0.01,
    "ECES": 0.25,
    "ECGC": 0.1,
    "ECHG": 0.0005,
    "ECNG": 0.001,
    "ECNQ": 0.25,
    "ECRTY": 0.1,
    "ECSI": 0.005,
    "ECYM": 1.0,
    "M2K": 0.1,
    "MES": 0.25,
    "MMC": 0.1,
    "MNK": 5,
    "MNQ": 0.25,
    "MSC": 0.1,
    "MYM": 1.0,
    "ES": {
        "tickValue": 0.25,
        "valuePer": 12.50
    },
    "NQ": {
        "tickValue": 0.25,
        "valuePer": 5.00
    },
    "RTY": 0.1,
    "YM": 1.0,
    "B5": 0.01,
    "BIT": 5,
    "BTC": 5,
    "BTI": 5,
    "EMD": 0.1,
    "ET": 0.5,
    "ETH": 0.5,
    "ETI": 0.5,
    "EWF": 0.5,
    "FDAX": 1.0,
    "FDXM": 1.0,
    "FDXS": 1.0,
    "FESX": 1.0,
    "FSXE": 0.5,
    "FVS": 0.05,
    "FXXP": 0.1,
    "LB5": 0.1,
    "LTEC": 0.1,
    "MBT": 5,
    "MET": 0.5,
    "MFS": 0.1,
    "MME": 0.1,
    "NKD": 5,
    "SPK": 0.01,
    "SR1": 0.0025,
    "TEC": 0.01,
    "BZ": 0.01,
    "CL": 0.01,
    "HO": 0.0001,
    "MCL": 0.01,
    "MNG": 0.001,
    "NG": 0.001,
    "NOL": 0.01,
    "QG": 0.005,
    "QH": 0.001,
    "QM": 0.025,
    "RB": 0.0001,
    "6A": 0.00005,
    "6B": 0.0001,
    "6C": 0.00005,
    "6E": 0.00005,
    "6J": 0.0000005,
    "6L": 0.00005,
    "6M": 0.00001,
    "6N": 0.00005,
    "6S": 0.00005,
    "DX": 0.005,
    "E7": 0.0001,
    "J7": 0.000001,
    "M6A": 0.0001,
    "M6B": 0.0001,
    "M6E": 0.0001,
    "MCD": 0.0001,
    "MJY": 0.000001,
    "MSF": 0.0001,
    "10Y": 0.001,
    "2YY": 0.001,
    "30Y": 0.001,
    "5YY": 0.001,
    "FGBL": 0.01,
    "FGBM": 0.01,
    "FGBS": 0.005,
    "FGBX": 0.02,
    "GE": 0.0025,
    "MTN": "01/64.0",
    "MWN": "01/32.0",
    "TN": "005/32.0",
    "TWE": "01/32.0",
    "UB": "01/32.0",
    "Z3N": "0005/128.0",
    "ZB": "01/32.0",
    "ZF": "003/32.0",
    "ZN": "005/32.0",
    "ZQ": 0.003,
    "ZT": "001/32.0",
    "1OZ": 0.25,
    "GC": {
        "tickValue": 0.1,
        "valuePer": 10.00
    },
    "GOL": 0.1,
    "HG": 0.0005,
    "MGC": 0.1,
    "MHG": 0.0005,
    "PA": 0.5,
    "PL": 0.1,
    "QC": 0.002,
    "QI": 0.0125,
    "QO": 0.25,
    "SI": 0.005,
    "SIL": 0.005,
    "YG": 0.1,
    "YI": 0.001,
    "XC": "1/8.0",
    "XK": "1/8.0",
    "XW": "1/8.0",
    "ZC": "2/8.0",
    "ZL": 0.01,
    "ZM": 0.1,
    "ZO": "1/4.0",
    "ZR": 0.005,
    "ZS": "2/8.0",
    "ZW": "",
    "GF": 0.025,
    "HE": 0.025,
    "LE": 0.025,
    "CC": 1,
    "CT": 0.01,
    "KC": 0.05,
    "LBR": 0.5,
    "LBS": 0.1,
    "OJ": 0.05,
    "SB": 0.01
}